date,geartype,hours,lat,lon,vesselIDs
2012,trawlers,76.9875,55.4,-5.2,5
2012,trawlers,96.95027777777779,55.4,-5.1,5
2012,trawlers,76.41694444444445,55.3,-4.9,8
2012,trawlers,82.06916666666666,55.4,-5.3,5
2012,trawlers,183.6269444444444,55.3,-5.2,8
2012,trawlers,131.8875,55.2,-5.2,6
2012,trawlers,120.16777777777777,55.4,-5.0,8
2012,trawlers,38.532222222222224,55.3,-5.4,6
2012,trawlers,96.84388888888887,55.4,-5.4,5
2012,trawlers,146.63777777777776,55.3,-5.1,7
2012,trawlers,134.82361111111115,55.2,-5.0,8
2012,trawlers,3.8197222222222225,55.2,-4.9,2
2012,trawlers,28.556944444444444,55.5,-4.8,5
2012,trawlers,7.196944444444444,55.5,-4.7,3
2012,trawlers,21.082222222222224,55.4,-4.8,4
2012,trawlers,82.80888888888889,55.1,-5.2,5
2012,trawlers,195.92111111111112,55.3,-5.3,5
2012,set_gillnets,219.46222222222218,55.9,-4.9,1
2012,set_gillnets,31.476666666666667,55.9,-4.7,1
2012,fishing,1.9002777777777777,55.1,-5.0,1
2012,fishing,0.8419444444444445,55.1,-5.1,1
2012,fishing,102.25305555555556,56.0,-4.9,1
2012,trawlers,6.543333333333333,55.5,-5.5,1
2012,trawlers,10.1425,55.4,-5.6,1
2012,trawlers,21.324166666666667,55.4,-5.5,4
2012,trawlers,7.860833333333334,55.5,-5.4,1
2012,trawlers,19.55472222222222,55.5,-5.1,1
2012,trawlers,57.406944444444456,55.4,-4.9,6
2012,trawlers,91.58916666666667,55.1,-5.3,3
2012,trawlers,14.768611111111113,55.0,-5.2,3
2012,trawlers,25.46388888888889,55.1,-5.1,3
2012,trawlers,2.121388888888889,55.6,-5.1,1
2012,trawlers,23.107777777777777,55.6,-4.8,1
2012,trawlers,3.7605555555555554,55.7,-5.2,1
2012,trawlers,208.2419444444445,55.3,-5.0,8
2012,trawlers,66.0538888888889,55.5,-5.0,1
2012,trawlers,28.085,55.6,-5.0,1
2012,trawlers,47.30805555555556,55.2,-5.1,6
2012,trawlers,45.75638888888889,55.2,-5.3,3
2012,set_gillnets,22.458055555555557,56.0,-4.9,1
2012,fishing,56.70916666666666,55.9,-4.9,1
2012,trawlers,0.5619444444444445,55.5,-4.9,2
2012,trawlers,5.450555555555556,55.7,-4.9,1
2012,trawlers,4.722222222222222,55.6,-4.9,1
2012,set_gillnets,2.964444444444444,55.9,-5.0,1
2012,set_gillnets,100.3788888888889,56.0,-4.8,1
2012,fishing,63.44805555555555,56.1,-4.9,1
2013,trawlers,901.5377777777779,55.1,-5.3,34
2013,trawlers,693.3305555555555,55.2,-5.3,34
2013,trawlers,1271.3725,55.3,-5.1,48
2013,trawlers,690.7233333333334,55.4,-5.0,38
2013,trawlers,534.6966666666666,55.4,-5.1,28
2013,trawlers,1367.8133333333333,55.2,-5.2,47
2013,trawlers,891.0430555555555,55.4,-5.3,40
2013,trawlers,259.9286111111111,55.3,-5.4,29
2013,trawlers,1507.6516666666669,55.3,-5.2,48
2013,trawlers,773.5194444444446,55.2,-5.1,40
2013,trawlers,0.8266666666666668,55.4,-5.6,1
2013,trawlers,49.58583333333334,55.5,-5.1,5
2013,trawlers,471.36750000000006,55.6,-5.0,11
2013,trawlers,242.11666666666665,55.5,-4.9,20
2013,trawlers,3.9375,55.6,-5.5,1
2013,trawlers,1229.5275,55.1,-5.2,40
2013,trawlers,294.5866666666667,55.9,-4.9,1
2013,trawlers,509.065,55.8,-5.0,3
2013,trawlers,218.58555555555554,55.7,-4.9,8
2013,trawlers,520.991388888889,55.3,-5.0,40
2013,trawlers,80.06222222222223,55.6,-4.7,5
2013,trawlers,1545.0669444444447,55.3,-5.3,43
2013,trawlers,179.25805555555556,55.6,-5.1,8
2013,fishing,88.26027777777779,55.9,-5.1,1
2013,trawlers,200.9863888888889,55.1,-5.1,15
2013,trawlers,145.00027777777774,55.4,-5.5,12
2013,trawlers,694.0091666666668,55.4,-5.2,36
2013,trawlers,396.28111111111104,55.4,-4.9,27
2013,trawlers,399.30916666666667,55.2,-5.0,28
2013,set_gillnets,0.8697222222222222,55.9,-5.0,1
2013,trawlers,101.08833333333334,55.4,-4.8,19
2013,trawlers,327.11583333333334,55.3,-4.9,23
2013,trawlers,174.52944444444444,55.0,-5.2,25
2013,trawlers,8.161666666666667,55.8,-5.2,3
2013,trawlers,13.84138888888889,55.6,-5.4,2
2013,trawlers,482.2997222222223,55.6,-4.9,13
2013,trawlers,689.4158333333331,55.7,-5.0,9
2013,trawlers,291.30388888888893,55.5,-4.8,22
2013,trawlers,219.71999999999997,55.5,-5.4,9
2013,dredge_fishing,3.9652777777777777,55.1,-5.2,1
2013,trawlers,771.8066666666666,55.8,-4.9,2
2013,trawlers,306.1211111111112,55.6,-4.8,11
2013,trawlers,42.203888888888876,55.2,-4.9,7
2013,trawlers,1067.220833333333,55.4,-5.4,36
2013,trawlers,0.22305555555555556,55.2,-5.5,1
2013,trawlers,196.13333333333335,55.7,-5.1,6
2013,trawlers,4.880000000000001,55.2,-5.4,2
2013,trawlers,579.1411111111111,55.5,-5.0,11
2013,trawlers,14.408055555555556,55.4,-4.7,1
2013,trawlers,20.564166666666665,55.1,-5.0,5
2013,trawlers,63.08555555555555,55.5,-4.7,7
2013,trawlers,46.03805555555556,55.7,-5.2,6
2013,trawlers,59.86833333333334,55.5,-5.5,5
2013,set_gillnets,79.29527777777778,56.0,-4.8,1
2013,set_gillnets,11.464166666666667,55.9,-4.7,1
2013,trawlers,1.868611111111111,55.9,-5.0,1
2013,trawlers,4.683055555555556,55.3,-5.5,2
2013,trawlers,3.608611111111111,55.7,-4.8,1
2013,fishing,51.430277777777775,55.1,-5.1,1
2013,fishing,33.29472222222223,55.0,-5.1,1
2013,trawlers,1.55,55.6,-5.2,1
2013,dredge_fishing,0.2225,55.0,-5.2,1
2013,fishing,251.64333333333332,56.0,-4.9,1
2013,fishing,73.98527777777777,56.1,-4.9,1
2013,fishing,273.7705555555556,55.9,-4.9,1
2013,set_gillnets,39.81388888888889,55.8,-4.9,1
2013,trawlers,24.531666666666666,55.0,-5.3,5
2013,set_gillnets,3.549722222222223,55.8,-5.0,1
2013,fishing,1.0827777777777778,55.8,-4.9,1
2013,dredge_fishing,6.731388888888889,55.1,-5.1,2
2013,dredge_fishing,63.057222222222215,55.0,-5.1,1
2013,set_gillnets,46.70666666666666,56.0,-4.9,1
2013,fishing,131.05416666666667,55.9,-5.0,1
2013,set_gillnets,327.9388888888888,55.9,-4.9,1
2013,trawlers,5.696111111111111,56.0,-5.4,1
2013,fishing,84.12722222222223,55.8,-5.0,1
2013,fishing,6.858888888888888,55.8,-5.1,1
2014,trawlers,2207.565,55.3,-5.0,59
2014,trawlers,1239.616944444445,55.4,-5.2,51
2014,trawlers,2891.8713888888883,55.3,-5.1,66
2014,trawlers,2387.0930555555556,55.2,-5.2,56
2014,trawlers,971.4772222222222,55.8,-4.9,6
2014,trawlers,1533.13,55.4,-5.3,56
2014,trawlers,595.7855555555557,55.5,-4.9,48
2014,trawlers,648.9930555555555,55.3,-5.4,43
2014,trawlers,951.9752777777779,55.1,-5.3,36
2014,trawlers,614.1230555555557,55.2,-5.0,45
2014,trawlers,1027.0997222222222,55.3,-4.9,49
2014,trawlers,743.5691666666668,55.4,-5.1,52
2014,trawlers,11.739444444444446,55.0,-5.3,9
2014,trawlers,1606.3033333333326,55.2,-5.1,58
2014,trawlers,2559.324722222223,55.3,-5.3,51
2014,trawlers,255.13361111111112,55.0,-5.2,31
2014,fishing,598.8255555555555,55.9,-4.9,1
2014,trawlers,273.0697222222222,55.5,-5.5,12
2014,trawlers,1733.0199999999995,55.1,-5.2,55
2014,trawlers,2460.025555555556,55.4,-5.4,56
2014,trawlers,371.19944444444445,55.6,-5.1,15
2014,trawlers,1069.9847222222218,55.5,-5.4,24
2014,trawlers,355.4275,55.7,-5.1,16
2014,trawlers,1065.6444444444442,55.4,-4.9,54
2014,trawlers,543.1597222222221,55.5,-4.8,49
2014,trawlers,3006.2888888888883,55.3,-5.2,60
2014,trawlers,30.129999999999995,55.3,-5.5,8
2014,trawlers,1047.0627777777781,55.5,-5.0,35
2014,trawlers,1154.2672222222222,55.2,-5.3,39
2014,trawlers,161.91944444444445,55.6,-5.4,12
2014,fishing,9.192222222222222,55.1,-5.1,1
2014,trawlers,251.1725,55.6,-4.8,24
2014,trawlers,147.50833333333335,55.2,-4.9,16
2014,trawlers,676.5647222222224,55.6,-4.9,23
2014,trawlers,599.6888888888888,55.9,-4.9,4
2014,trawlers,439.23972222222227,55.4,-5.5,22
2014,trawlers,201.51472222222225,55.7,-5.2,15
2014,trawlers,697.9913888888889,55.6,-5.0,21
2014,trawlers,17.856944444444444,55.1,-5.0,4
2014,trawlers,219.11555555555555,55.7,-4.9,19
2014,trawlers,27.15583333333333,55.6,-5.5,6
2014,trawlers,421.3825,55.4,-4.8,49
2014,trawlers,8.4875,56.0,-5.4,3
2014,trawlers,77.35416666666667,55.8,-5.2,7
2014,trawlers,42.980000000000004,55.5,-4.7,14
2014,other_purse_seines,0.4222222222222222,55.9,-5.3,1
2014,trawlers,11.370833333333332,55.2,-5.4,7
2014,trawlers,21.28611111111111,55.6,-4.7,7
2014,trawlers,1691.8177777777778,55.4,-5.0,67
2014,trawlers,587.5236111111111,55.7,-5.0,21
2014,trawlers,36.77,55.7,-5.4,8
2014,trawlers,267.69694444444445,55.1,-5.1,21
2014,trawlers,1.1858333333333333,55.1,-5.4,2
2014,trawlers,363.7169444444445,55.8,-5.0,5
2014,set_gillnets,25.76805555555556,55.9,-4.9,1
2014,fishing,3.081666666666667,55.0,-5.2,1
2014,trawlers,94.65888888888888,55.5,-5.1,5
2014,trawlers,22.86194444444444,55.9,-5.0,2
2014,fishing,39.61722222222222,56.1,-4.9,1
2014,trawlers,38.23555555555556,55.8,-5.3,7
2014,fishing,51.64,55.9,-5.1,1
2014,fishing,0.586111111111111,55.3,-5.5,1
2014,trawlers,18.64777777777778,55.0,-5.1,2
2014,trawlers,2.5669444444444443,55.4,-5.6,1
2014,fishing,1.6155555555555556,55.0,-5.1,1
2014,trawlers,37.53888888888889,55.7,-5.3,8
2014,trawlers,18.927500000000002,55.9,-5.4,3
2014,set_gillnets,17.552777777777777,56.0,-4.8,1
2014,fishing,10.350555555555555,55.5,-5.1,1
2014,fishing,2.674444444444444,55.1,-5.0,1
2014,trawlers,17.451666666666664,55.5,-5.3,2
2014,fishing,1.1747222222222222,55.5,-5.0,1
2014,trawlers,0.8191666666666667,55.1,-5.5,1
2014,fishing,17.20611111111111,56.0,-5.1,1
2014,dredge_fishing,4.476111111111111,55.0,-5.1,1
2014,fishing,0.21666666666666667,55.2,-5.6,1
2014,trawlers,6.980555555555555,55.2,-5.5,1
2014,trawlers,0.46166666666666667,55.9,-5.3,1
2014,fishing,118.06111111111109,55.9,-5.0,1
2014,set_gillnets,8.549444444444443,56.0,-4.9,1
2014,trawlers,0.8488888888888889,55.9,-5.2,1
2014,fishing,120.4525,56.0,-4.9,1
2014,fishing,37.863888888888894,55.8,-5.0,1
2015,trawlers,1647.8808333333334,55.5,-5.0,39
2015,trawlers,1515.065833333333,55.2,-5.2,44
2015,trawlers,699.5861111111112,55.0,-5.2,25
2015,trawlers,393.7605555555556,55.6,-5.5,10
2015,trawlers,973.1125,55.4,-5.5,30
2015,trawlers,564.2669444444446,55.2,-5.3,22
2015,trawlers,1472.5249999999994,55.3,-5.0,54
2015,trawlers,547.5497222222224,55.2,-5.0,43
2015,trawlers,480.43388888888893,55.3,-5.4,37
2015,trawlers,2277.8761111111116,55.1,-5.2,44
2015,trawlers,1084.6980555555556,55.6,-5.4,11
2015,trawlers,2723.5474999999997,55.4,-5.4,49
2015,trawlers,1231.265,55.4,-5.3,48
2015,trawlers,1168.8405555555555,55.4,-5.2,44
2015,trawlers,707.6058333333333,55.8,-4.9,6
2015,trawlers,1529.3330555555558,55.4,-5.0,60
2015,trawlers,1064.0344444444447,55.2,-5.1,51
2015,trawlers,1757.7544444444438,55.3,-5.3,42
2015,trawlers,3243.596666666666,55.7,-5.1,28
2015,trawlers,1.5183333333333333,55.7,-5.5,2
2015,trawlers,1346.423888888889,55.6,-4.9,25
2015,trawlers,978.8952777777778,55.4,-4.9,50
2015,trawlers,2794.731666666666,55.7,-5.0,22
2015,trawlers,511.7511111111112,55.8,-5.2,15
2015,trawlers,2493.1866666666665,55.6,-5.0,31
2015,trawlers,11.935277777777776,55.8,-5.1,7
2015,trawlers,6.150555555555556,55.6,-5.2,1
2015,trawlers,1941.6058333333342,55.3,-5.1,60
2015,trawlers,1026.17,55.1,-5.3,31
2015,trawlers,16.57277777777778,55.2,-5.4,5
2015,trawlers,1898.9291666666668,55.5,-5.4,27
2015,trawlers,1854.4388888888886,55.3,-5.2,48
2015,trawlers,879.5911111111111,55.4,-5.1,52
2015,trawlers,7.281944444444446,56.1,-5.6,1
2015,trawlers,300.93027777777786,55.0,-5.3,10
2015,trawlers,18.821944444444444,55.1,-5.0,6
2015,trawlers,1318.8175,55.7,-4.9,20
2015,trawlers,458.4130555555555,55.8,-5.3,13
2015,trawlers,1492.4088888888896,55.7,-5.3,18
2015,set_gillnets,9.17388888888889,55.8,-4.9,1
2015,trawlers,1115.0908333333334,55.1,-5.1,26
2015,trawlers,541.7211111111111,55.6,-5.1,24
2015,trawlers,124.64249999999998,55.5,-4.7,20
2015,trawlers,1.583611111111111,56.1,-5.3,1
2015,trawlers,52.56916666666666,55.1,-5.5,4
2015,set_gillnets,32.123333333333335,55.8,-5.6,1
2015,trawlers,535.1758333333332,55.4,-4.8,40
2015,trawlers,1042.2880555555557,55.5,-4.8,44
2015,trawlers,464.5752777777778,55.3,-4.9,46
2015,other_purse_seines,1.5358333333333334,55.9,-5.3,1
2015,set_gillnets,134.0836111111111,55.2,-4.9,2
2015,set_gillnets,27.75694444444444,55.3,-4.9,2
2015,trawlers,12.87138888888889,55.3,-5.5,3
2015,trawlers,926.0622222222222,55.5,-4.9,42
2015,trawlers,790.6550000000002,55.6,-4.8,22
2015,set_gillnets,0.3169444444444444,55.1,-5.0,1
2015,trawlers,1.5683333333333334,55.8,-5.5,1
2015,trawlers,144.19611111111112,55.0,-5.5,5
2015,trawlers,153.63944444444445,56.0,-5.4,3
2015,trawlers,170.34333333333333,55.9,-5.4,6
2015,set_gillnets,4.869166666666667,55.7,-5.6,2
2015,trawlers,58.7475,55.5,-5.1,8
2015,set_gillnets,0.5422222222222222,55.8,-5.4,1
2015,fishing,3.5294444444444446,55.3,-5.5,3
2015,trawlers,664.4572222222224,55.5,-5.5,18
2015,trawlers,223.00805555555556,55.0,-5.1,8
2015,trawlers,1841.69,55.7,-5.4,17
2015,fishing,6.2508333333333335,55.9,-5.1,1
2015,dredge_fishing,1.1302777777777777,55.3,-5.1,1
2015,trawlers,1480.172222222222,55.7,-5.2,25
2015,trawlers,2.4155555555555557,55.4,-5.6,3
2015,dredge_fishing,1.1025,55.1,-5.1,2
2015,trawlers,10.111944444444445,55.0,-5.6,2
2015,set_gillnets,0.5272222222222223,55.3,-5.0,1
2015,set_gillnets,0.2594444444444444,55.3,-4.8,1
2015,trawlers,80.87666666666665,55.2,-4.9,10
2015,fishing,10.819444444444443,56.1,-4.9,1
2015,dredge_fishing,2.0225,55.0,-5.2,2
2015,trawlers,202.83083333333332,55.1,-5.4,6
2015,pots_and_traps,9.256944444444443,55.2,-5.0,2
2015,fishing,4.362500000000001,55.1,-5.1,2
2015,fishing,20.44388888888889,55.0,-5.1,3
2015,fishing,0.2336111111111111,55.8,-5.0,1
2015,trawlers,488.5952777777778,55.8,-5.0,8
2015,trawlers,768.5961111111111,55.0,-5.4,6
2015,set_gillnets,22.24361111111111,55.8,-5.5,2
2015,trawlers,2.611388888888889,55.9,-5.3,2
2015,trawlers,521.7008333333333,55.9,-4.9,4
2015,set_gillnets,2.17,55.2,-5.1,2
2015,set_gillnets,1.0275,55.1,-5.2,1
2015,fishing,18.147777777777776,55.2,-5.3,1
2015,fishing,1.0291666666666668,55.3,-5.6,1
2015,fishing,15.591111111111111,55.0,-5.2,4
2015,trawlers,0.26694444444444443,55.8,-5.6,1
2015,fishing,1.301111111111111,55.1,-5.3,1
2015,fishing,128.2697222222222,56.0,-4.9,1
2015,dredge_fishing,0.8172222222222222,55.1,-5.2,1
2015,trawlers,85.91444444444447,55.6,-4.7,10
2015,fishing,4.791388888888889,55.3,-4.9,1
2015,pots_and_traps,4.004166666666666,55.2,-4.9,3
2015,set_gillnets,15.450000000000001,55.7,-4.9,1
2015,trawlers,24.081111111111113,55.9,-5.0,4
2015,set_gillnets,1.0475,55.1,-5.3,1
2015,trawlers,2.924444444444444,56.1,-5.5,1
2015,fishing,88.7788888888889,55.2,-5.4,1
2015,fishing,0.9422222222222223,55.2,-4.9,1
2015,pots_and_traps,1.1755555555555555,55.3,-4.9,1
2015,trawlers,0.8425,56.1,-5.2,1
2015,trawlers,3.884722222222222,55.1,-5.6,1
2015,trawlers,1.1086111111111112,55.3,-5.6,1
2015,fishing,2.4575000000000005,56.0,-5.1,1
2015,fishing,43.40138888888889,55.9,-5.0,1
2015,set_gillnets,0.5319444444444444,55.9,-4.7,1
2015,trawlers,5.770833333333332,56.0,-4.8,1
2015,fishing,5.550277777777778,55.1,-5.2,2
2015,trawlers,10.624444444444444,55.9,-5.1,1
2015,fishing,76.36999999999999,55.2,-5.5,2
2015,fishing,4.802777777777778,55.1,-5.4,1
2015,dredge_fishing,2.138888888888889,55.2,-5.0,1
2015,set_gillnets,48.94833333333332,55.9,-4.9,1
2015,trawlers,29.035833333333336,56.0,-4.9,2
2015,fishing,2.3227777777777776,55.2,-5.6,1
2015,set_gillnets,77.3411111111111,56.0,-4.8,1
2015,dredge_fishing,0.5463888888888888,55.5,-4.7,1
2015,set_gillnets,2.850833333333333,55.3,-5.1,1
2015,other_purse_seines,0.6041666666666666,55.9,-5.1,1
2015,set_gillnets,4.866111111111111,55.2,-5.0,2
2015,other_purse_seines,4.969999999999999,55.9,-5.4,1
2015,set_gillnets,25.672500000000003,56.0,-4.9,1
2015,fixed_gear,0.26611111111111113,56.0,-5.6,1
2015,dredge_fishing,0.7113888888888888,55.2,-4.9,1
2015,fishing,12.155277777777778,55.5,-4.8,1
2015,dredge_fishing,1.8844444444444444,55.4,-5.5,1
2015,fishing,0.25027777777777777,55.1,-5.6,1
2015,fishing,281.86833333333334,55.9,-4.9,1
2015,dredge_fishing,31.657777777777778,55.0,-5.1,1
2016,trawlers,1542.5933333333335,55.2,-5.1,63
2016,trawlers,1929.7233333333331,55.7,-5.0,42
2016,trawlers,1499.6394444444445,55.5,-5.0,49
2016,trawlers,2121.3225000000007,55.5,-4.8,66
2016,trawlers,763.7719444444444,55.9,-4.9,12
2016,trawlers,791.6508333333334,55.8,-5.0,17
2016,trawlers,1104.6708333333333,55.6,-5.4,16
2016,trawlers,68.04916666666666,55.0,-5.4,9
2016,trawlers,1072.6716666666666,55.4,-5.1,56
2016,trawlers,284.7744444444445,55.5,-4.7,27
2016,trawlers,83.365,55.2,-4.9,10
2016,trawlers,471.1830555555556,55.7,-5.2,23
2016,trawlers,628.9933333333333,55.2,-5.0,49
2016,trawlers,1995.9791666666665,55.3,-5.0,69
2016,trawlers,364.44472222222214,55.1,-5.1,29
2016,trawlers,9.657777777777778,56.1,-5.5,3
2016,trawlers,2042.8125,55.4,-4.9,65
2016,trawlers,1423.3655555555556,55.4,-5.2,48
2016,trawlers,518.3430555555556,55.3,-5.4,43
2016,fishing,0.8722222222222222,55.8,-5.0,1
2016,trawlers,310.91555555555556,55.6,-5.5,10
2016,trawlers,2153.7325000000005,55.5,-5.4,24
2016,trawlers,1453.4763888888888,55.7,-4.9,45
2016,trawlers,1031.4755555555557,55.1,-5.3,36
2016,trawlers,933.2511111111111,55.3,-4.9,57
2016,trawlers,11.32,55.9,-5.3,3
2016,trawlers,270.0236111111111,55.8,-5.3,12
2016,set_gillnets,6.416111111111111,55.9,-5.3,2
2016,trawlers,1608.0413888888893,55.1,-5.2,46
2016,trawlers,2066.2125,55.4,-5.0,71
2016,trawlers,1440.477777777778,55.6,-4.8,46
2016,trawlers,174.6611111111111,55.6,-4.7,19
2016,trawlers,1831.7836111111114,55.5,-4.9,63
2016,trawlers,1827.210277777778,55.6,-5.0,36
2016,trawlers,2832.343055555556,55.6,-4.9,52
2016,trawlers,2096.366666666667,55.4,-5.4,55
2016,trawlers,1396.1069444444447,55.4,-5.3,58
2016,trawlers,936.5136111111111,55.4,-4.8,58
2016,trawlers,1362.4641666666664,55.2,-5.3,37
2016,dredge_fishing,36.91388888888889,55.4,-5.5,1
2016,fishing,2.9191666666666665,55.0,-5.2,1
2016,dredge_fishing,6.736388888888889,55.0,-5.1,2
2016,trawlers,2384.9636111111113,55.2,-5.2,62
2016,trawlers,916.2908333333332,55.4,-5.5,32
2016,set_gillnets,2.1750000000000003,55.8,-5.5,2
2016,trawlers,1053.3108333333332,55.7,-5.1,31
2016,trawlers,729.6277777777776,55.6,-5.1,23
2016,trawlers,419.47361111111115,55.8,-5.2,19
2016,trawlers,332.8363888888888,55.1,-5.5,10
2016,trawlers,2787.3902777777785,55.3,-5.1,70
2016,trawlers,8.961111111111112,55.1,-5.0,3
2016,trawlers,1958.1449999999995,55.3,-5.3,55
2016,trawlers,138.0016666666667,55.2,-5.4,10
2017,trawlers,0.8291666666666666,55.2,-5.3,1
2016,dredge_fishing,13.166944444444443,55.8,-5.6,1
2016,trawlers,3558.8758333333326,55.3,-5.2,69
2016,trawlers,398.9680555555556,55.0,-5.2,24
2016,fishing,299.6722222222222,55.1,-5.5,2
2016,fishing,96.92388888888888,55.1,-5.6,2
2016,trawlers,371.4911111111112,55.0,-5.5,9
2016,set_gillnets,103.27722222222224,55.3,-4.9,4
2016,trawlers,1.3672222222222221,56.1,-5.6,2
2016,trawlers,25.40916666666666,56.1,-5.3,3
2016,trawlers,1254.121388888889,55.7,-5.4,10
2016,trawlers,32.240833333333335,55.5,-5.1,9
2016,set_gillnets,852.9308333333336,55.9,-5.4,2
2016,set_gillnets,30.28361111111111,56.0,-5.4,2
2016,set_gillnets,23.140833333333333,55.1,-5.0,2
2016,dredge_fishing,47.99555555555555,55.3,-5.4,1
2016,fishing,16.565833333333334,55.0,-5.1,4
2016,trawlers,53.19083333333333,55.0,-5.1,6
2016,fishing,2.3575,56.1,-4.9,1
2016,trawlers,2.205,55.4,-4.7,3
2016,fishing,2.3666666666666663,55.3,-4.9,1
2016,set_gillnets,0.5352777777777777,55.8,-5.1,1
2016,fishing,49.564166666666665,55.1,-5.4,3
2016,trawlers,15.458888888888888,55.3,-5.5,7
2016,trawlers,333.0202777777778,55.1,-5.4,6
2016,trawlers,333.92305555555555,55.7,-5.3,11
2016,trawlers,65.8863888888889,55.9,-5.4,9
2016,fishing,126.62555555555555,55.0,-5.6,2
2016,trawlers,9.013333333333334,56.1,-5.2,2
2016,fishing,11.746944444444445,55.1,-5.2,3
2016,trawlers,843.0416666666667,55.5,-5.5,18
2016,trawlers,22.97638888888889,55.9,-5.1,4
2016,trawlers,2.04,56.1,-4.9,2
2016,trawlers,1384.3361111111112,55.8,-4.9,15
2016,fishing,35.37166666666666,56.0,-4.9,1
2016,trawlers,23.37972222222222,55.8,-5.1,3
2016,set_gillnets,149.40027777777777,55.9,-4.7,1
2016,trawlers,16.934722222222224,55.4,-5.6,4
2016,dredge_fishing,1.8219444444444441,55.1,-5.2,2
2016,trawlers,94.55472222222221,55.0,-5.6,9
2016,set_gillnets,8.160277777777777,55.7,-5.6,2
2016,pots_and_traps,1.051388888888889,55.3,-5.0,1
2016,set_gillnets,18.12611111111111,55.2,-5.1,2
2016,trawlers,2.806111111111111,56.0,-5.3,2
2016,set_gillnets,0.09083333333333334,56.0,-4.7,1
2016,trawlers,1.0444444444444443,55.8,-5.4,1
2016,trawlers,34.162222222222226,55.1,-5.6,5
2016,fishing,10.413333333333334,55.9,-5.0,1
2016,set_gillnets,646.545,55.9,-4.9,1
2016,set_gillnets,94.02666666666666,55.2,-5.0,3
2016,dredge_fishing,15.375,55.1,-5.1,2
2016,fishing,6.369444444444444,55.4,-5.5,1
2016,pots_and_traps,1.348888888888889,55.2,-5.0,1
2016,fishing,2.875,55.6,-4.7,1
2016,set_gillnets,33.45611111111111,55.3,-5.1,2
2016,fishing,0.25833333333333336,55.2,-5.5,1
2016,set_gillnets,0.8302777777777777,55.1,-5.1,1
2016,trawlers,92.52361111111114,56.0,-4.8,4
2016,trawlers,11.202777777777778,55.2,-5.5,3
2016,trawlers,375.1925,56.0,-4.9,5
2016,fishing,1.8652777777777778,56.0,-5.1,1
2016,set_gillnets,105.80416666666667,56.0,-4.9,1
2016,set_gillnets,320.3594444444444,56.0,-4.8,1
2016,dredge_fishing,31.541111111111107,55.3,-5.5,2
2016,pots_and_traps,7.126111111111111,55.3,-4.9,3
2016,pots_and_traps,2.828611111111111,55.2,-4.9,2
2016,trawlers,8.951944444444445,55.0,-5.3,7
2016,dredge_fishing,23.724444444444444,55.8,-5.5,1
2016,set_gillnets,17.034444444444446,55.9,-5.0,1
2016,trawlers,16.84444444444444,55.9,-5.2,3
2016,dredge_fishing,15.809722222222224,55.0,-5.2,3
2016,dredge_fishing,3.499722222222222,55.1,-5.4,1
2016,pots_and_traps,0.2588888888888889,55.3,-5.1,1
2016,fishing,3.8655555555555554,55.2,-4.9,1
2016,set_gillnets,1101.2600000000002,55.2,-4.9,4
2016,dredge_fishing,1.2555555555555555,55.2,-5.4,1
2017,trawlers,1.0358333333333332,55.1,-5.5,1
2016,fishing,333.8355555555556,55.0,-5.5,2
2016,fishing,1.0363888888888888,55.6,-4.8,1
2016,fishing,3.585277777777778,55.1,-5.3,1
2016,fishing,4.183333333333334,55.4,-4.8,1
2016,trawlers,20.56861111111111,55.3,-4.8,1
2016,trawlers,104.31222222222222,55.9,-5.0,8
2016,set_gillnets,13.189999999999998,55.8,-5.6,2
2016,set_gillnets,1.2,55.8,-5.4,1
2016,fishing,0.0,56.1,-5.6,1
2016,trawlers,61.41111111111112,56.0,-5.4,5
2016,fishing,81.26694444444443,55.0,-5.4,2
2016,set_longlines,0.9419444444444445,55.7,-5.6,1
2016,trawlers,3.2269444444444444,55.2,-5.6,3
2016,dredge_fishing,0.25194444444444447,55.1,-5.5,1
2016,fishing,13.750555555555557,55.1,-5.1,3
2016,fishing,18.78527777777778,55.3,-5.5,1
2016,pots_and_traps,4.044166666666667,55.4,-5.2,1
2016,set_gillnets,1.5924999999999998,55.3,-5.0,1
2016,dredge_fishing,2.0275000000000003,55.2,-4.9,1
2016,fishing,300.8041666666667,55.9,-4.9,1
2016,dredge_fishing,0.7702777777777777,55.0,-5.4,1
2016,set_longlines,1.0916666666666668,55.8,-5.6,1
2016,fishing,4.395277777777778,55.0,-5.3,1
2016,set_gillnets,51.25805555555556,55.8,-4.9,1
2016,set_gillnets,96.3175,55.8,-5.0,1
2016,pots_and_traps,3.433611111111111,55.4,-5.3,1
2016,dredge_fishing,0.2722222222222222,55.2,-5.0,1
2016,trawlers,12.169444444444444,55.9,-4.7,1
2016,fishing,2.8036111111111115,55.9,-5.1,1
2017,trawlers,1231.4199999999998,55.4,-5.2,42
2017,trawlers,1775.2875,55.5,-5.0,40
2017,trawlers,125.89361111111108,55.6,-4.7,20
2017,trawlers,234.22944444444443,55.5,-4.7,28
2017,trawlers,419.96944444444455,55.2,-5.0,42
2017,trawlers,1384.4644444444446,55.6,-4.8,37
2017,trawlers,1175.8183333333334,55.4,-4.8,50
2017,trawlers,2410.3805555555555,55.6,-5.0,39
2017,trawlers,1840.073333333333,55.7,-4.9,39
2017,trawlers,37.4275,55.4,-4.7,7
2017,trawlers,902.6716666666666,55.3,-4.9,51
2017,trawlers,2126.4044444444457,55.2,-5.2,56
2017,trawlers,3018.2761111111113,55.3,-5.2,59
2017,trawlers,2849.810555555556,55.3,-5.1,64
2017,trawlers,526.146388888889,55.8,-5.3,16
2017,trawlers,4231.164722222224,55.6,-4.9,46
2017,trawlers,1688.5441666666668,55.7,-5.0,44
2017,trawlers,1351.334444444445,55.1,-5.2,46
2017,fishing,6.12,55.4,-4.9,1
2017,set_gillnets,77.69944444444444,55.8,-5.0,1
2017,set_gillnets,30.470555555555556,55.8,-4.9,1
2017,trawlers,918.9372222222222,55.1,-5.3,34
2017,trawlers,3891.5024999999996,55.5,-4.9,44
2017,trawlers,2377.526944444444,55.4,-4.9,58
2017,trawlers,1942.1580555555554,55.3,-5.0,59
2017,set_gillnets,27.625833333333336,55.8,-5.4,2
2017,trawlers,187.87805555555553,55.0,-5.5,6
2017,trawlers,1363.970833333333,55.4,-5.3,46
2017,trawlers,1092.8033333333333,55.6,-5.4,20
2017,trawlers,253.01166666666663,55.0,-5.2,29
2017,trawlers,2042.014444444446,55.3,-5.3,49
2017,trawlers,2617.1500000000005,55.5,-4.8,53
2017,trawlers,3.0947222222222224,56.1,-5.6,3
2017,trawlers,1028.0630555555556,55.5,-5.5,21
2017,trawlers,961.9277777777776,55.2,-5.3,41
2017,trawlers,273.08,55.1,-5.1,23
2017,trawlers,2306.0749999999994,55.4,-5.4,50
2017,trawlers,976.1674999999998,55.4,-5.1,43
2017,trawlers,2268.2322222222224,55.4,-5.0,61
2017,trawlers,171.18388888888893,55.1,-5.5,4
2017,dredge_fishing,11.643888888888888,55.8,-5.4,1
2017,trawlers,2284.449166666667,55.5,-5.4,24
2017,trawlers,1113.3783333333338,55.2,-5.1,53
2017,trawlers,95.24805555555554,55.2,-4.9,19
2017,trawlers,526.3658333333334,55.8,-5.2,21
2017,trawlers,1163.5544444444447,55.7,-5.1,29
2017,other_purse_seines,1.5022222222222221,55.8,-5.2,1
2017,trawlers,783.8591666666667,55.6,-5.1,27
2017,trawlers,9.594444444444445,56.1,-5.5,4
2017,set_gillnets,0.9158333333333334,55.7,-5.0,1
2017,trawlers,999.3477777777778,55.4,-5.5,30
2017,trawlers,71.61833333333333,55.1,-5.4,7
2017,trawlers,228.5563888888889,55.9,-5.4,8
2017,trawlers,418.9713888888887,55.3,-5.4,41
2017,trawlers,21.139166666666668,55.2,-5.5,4
2017,trawlers,2020.0125,55.8,-4.9,14
2017,fishing,34.07138888888888,55.5,-5.0,1
2017,fishing,252.88583333333352,55.5,-4.9,1
2017,fishing,21.010833333333338,55.3,-5.3,1
2017,fishing,44.23638888888888,55.3,-5.0,1
2017,trawlers,7.436111111111112,55.4,-5.6,3
2017,fishing,177.39694444444444,55.9,-4.9,2
2017,trawlers,9.376388888888888,55.8,-5.1,7
2017,trawlers,458.6633333333333,55.6,-5.5,13
2017,fishing,17.653055555555554,55.2,-5.4,2
2017,dredge_fishing,68.92777777777779,55.8,-5.6,1
2017,trawlers,49.617777777777775,55.0,-5.6,9
2017,dredge_fishing,0.5283333333333333,55.1,-5.1,1
2017,fishing,44.73250000000001,55.1,-5.2,2
2017,fishing,0.8825000000000001,55.4,-5.0,1
2017,trawlers,63.4261111111111,55.0,-5.4,7
2017,fishing,57.1138888888889,55.0,-5.6,1
2017,fishing,13.064166666666667,55.1,-5.3,1
2017,set_gillnets,144.7838888888889,55.9,-4.7,1
2017,trawlers,48.71777777777778,55.1,-5.6,5
2017,trawlers,2096.541388888889,55.7,-5.4,13
2017,trawlers,386.93000000000006,55.7,-5.3,14
2017,trawlers,190.4716666666667,56.0,-5.4,5
2017,trawlers,1041.5275000000001,55.8,-5.0,16
2017,set_gillnets,26.820833333333333,55.7,-5.6,3
2017,trawlers,4.003611111111111,55.8,-5.4,3
2017,fishing,191.1908333333334,55.2,-5.2,1
2017,set_gillnets,10.26361111111111,55.9,-5.0,1
2017,set_gillnets,1038.092222222222,55.9,-5.4,2
2017,set_gillnets,93.675,55.8,-5.2,1
2017,set_gillnets,34.5,56.0,-5.4,2
2017,set_gillnets,1.7724999999999997,55.3,-5.0,1
2017,pots_and_traps,1.2002777777777778,55.1,-5.1,1
2017,fishing,119.67333333333332,55.2,-5.3,1
2017,fishing,9.074444444444444,55.1,-5.1,2
2017,trawlers,662.1441666666667,55.7,-5.2,24
2017,trawlers,17.4925,55.9,-5.3,5
2017,dredge_fishing,0.8844444444444444,55.3,-4.9,1
2017,dredge_fishing,8.320833333333333,55.7,-5.1,1
2017,trawlers,25.471666666666668,55.5,-5.1,6
2017,set_gillnets,17.93611111111111,55.8,-5.6,3
2017,trawlers,10.228055555555555,55.3,-5.5,5
2017,set_gillnets,40.453611111111115,55.2,-5.0,2
2017,set_gillnets,1.2661111111111112,56.0,-5.3,1
2017,dredge_fishing,6.7138888888888895,55.3,-5.4,1
2017,trawlers,959.0894444444446,56.0,-4.9,3
2017,set_longlines,1.8666666666666667,55.8,-5.6,1
2017,trawlers,7.682777777777777,55.2,-5.6,3
2017,trawlers,0.5277777777777778,55.7,-5.5,1
2017,trawlers,10.6325,55.1,-5.0,5
2017,trawlers,81.28944444444444,55.2,-5.4,8
2017,trawlers,11.675555555555555,55.9,-4.7,2
2017,fishing,1.0308333333333333,55.6,-4.8,1
2017,fishing,32.09444444444445,55.5,-4.8,1
2017,fishing,1.0638888888888889,55.3,-5.4,1
2017,set_gillnets,0.9544444444444445,56.0,-4.7,1
2017,dredge_fishing,1.3030555555555556,55.0,-5.5,1
2017,trawlers,8.239166666666666,55.9,-5.1,4
2017,trawlers,247.08194444444445,55.9,-5.0,9
2017,trawlers,1771.3461111111112,55.9,-4.9,12
2017,set_longlines,2.7333333333333334,56.0,-5.4,1
2017,set_gillnets,672.5355555555556,56.0,-4.8,1
2017,set_gillnets,170.21361111111113,56.0,-4.9,1
2017,trawlers,205.80416666666665,56.0,-4.8,2
2017,set_gillnets,463.21638888888884,55.2,-4.9,1
2017,trawlers,25.24527777777778,55.0,-5.3,8
2017,set_longlines,31.00166666666667,55.9,-4.9,1
2017,trawlers,27.52277777777778,56.1,-5.3,1
2017,set_gillnets,9.924999999999999,55.1,-5.0,1
2017,set_gillnets,162.29583333333335,55.9,-5.3,2
2017,fishing,0.0,55.2,-5.6,1
2017,dredge_fishing,1.061388888888889,55.2,-5.4,1
2017,dredge_fishing,5.592777777777778,55.2,-4.9,1
2017,fishing,2.2199999999999998,55.4,-5.5,1
2017,fishing,39.16583333333334,55.1,-5.5,1
2017,fishing,83.42361111111109,55.0,-5.5,1
2017,fishing,80.59222222222223,55.2,-5.1,1
2017,fishing,2.0869444444444443,55.6,-4.9,1
2017,trawlers,41.64611111111111,56.1,-4.9,2
2017,set_gillnets,37.77722222222222,55.8,-5.5,2
2017,set_longlines,2.3813888888888886,56.0,-4.9,1
2017,trawlers,4.804444444444444,55.0,-5.1,2
2017,trawlers,1.656388888888889,55.3,-4.8,2
2017,set_longlines,1.5422222222222224,56.1,-4.9,1
2017,trawlers,1.1194444444444445,55.3,-5.6,1
2017,trawlers,1.1925000000000001,56.0,-5.3,1
2017,set_longlines,4.423888888888889,56.1,-5.5,1
2017,fishing,20.010833333333334,55.0,-5.4,1
2017,fishing,0.6216666666666666,55.0,-5.1,1
2017,fishing,134.80249999999995,55.3,-5.2,1
2017,set_gillnets,20.586666666666662,56.1,-5.5,1
2017,dredge_fishing,0.0,55.8,-5.5,1
2017,set_longlines,20.655555555555555,56.1,-5.6,1
2017,fishing,8.412222222222223,56.0,-4.9,2
2017,fishing,33.29888888888889,55.1,-5.6,1
2017,set_gillnets,875.2872222222219,55.9,-4.9,1
2017,trawlers,16.35972222222222,55.9,-5.2,2
2017,fishing,0.8177777777777777,55.3,-4.9,1
2017,other_purse_seines,0.5391666666666667,56.0,-5.4,1
2017,set_gillnets,4.638611111111111,56.1,-5.6,1
2017,set_gillnets,8.78361111111111,55.8,-5.1,1
2017,dredge_fishing,3.8777777777777773,55.3,-5.5,1
2017,fishing,11.240277777777777,55.1,-5.4,1
2017,trawlers,12.890833333333333,55.7,-4.8,1
2017,fishing,9.467222222222222,55.2,-5.0,1
2017,other_purse_seines,1.3175000000000001,55.9,-5.3,1
2017,dredge_fishing,13.323333333333334,55.8,-5.1,1
2017,set_gillnets,3.95,55.9,-5.2,1
2017,dredge_fishing,1.779722222222222,55.2,-5.0,1
2017,fishing,1.3555555555555556,55.0,-5.3,1
2017,fishing,104.51250000000002,55.3,-5.1,1
2017,fishing,3.302777777777777,55.2,-5.5,1
2017,pots_and_traps,2.875,55.3,-5.0,1
2017,trawlers,4.65,56.1,-5.2,1
2017,set_longlines,8.189722222222223,55.7,-5.6,1
2017,set_gillnets,321.6069444444444,55.8,-5.3,1
2017,other_purse_seines,1.1727777777777777,55.8,-5.3,1
2018,trawlers,803.3277777777778,55.8,-5.2,22
2018,fishing,1.6861111111111111,55.9,-5.1,1
2018,trawlers,823.6319444444443,55.4,-5.5,29
2018,trawlers,2702.7094444444447,55.6,-4.9,33
2018,trawlers,2063.206944444444,55.6,-5.0,29
2018,trawlers,485.55861111111113,55.6,-5.5,11
2018,trawlers,1635.576388888889,55.4,-4.9,35
2018,trawlers,15.829166666666666,55.1,-5.4,7
2018,trawlers,2230.0944444444444,55.7,-5.4,12
2018,trawlers,1873.5294444444446,55.4,-5.4,42
2018,trawlers,647.5791666666667,55.9,-5.4,18
2018,trawlers,147.39944444444447,55.0,-5.2,22
2018,trawlers,47.075277777777764,55.9,-5.3,16
2018,trawlers,916.4416666666672,55.2,-5.2,44
2018,trawlers,809.1530555555556,55.3,-4.9,37
2018,trawlers,691.4913888888888,55.6,-5.1,22
2018,trawlers,2277.447222222222,55.5,-4.8,32
2018,trawlers,10.882777777777777,55.1,-5.0,3
2018,trawlers,41.2525,55.6,-4.7,10
2018,trawlers,311.4363888888889,55.3,-5.4,32
2018,trawlers,588.9988888888886,55.2,-5.3,29
2018,pots_and_traps,1.7733333333333334,55.2,-5.0,1
2018,trawlers,278.32722222222213,56.0,-5.4,17
2018,trawlers,1053.9966666666667,55.6,-5.4,14
2018,trawlers,975.7408333333333,55.4,-5.2,33
2018,trawlers,1503.4433333333336,55.7,-5.1,26
2018,trawlers,14.734722222222222,55.5,-5.1,3
2018,dredge_fishing,5.116388888888889,55.0,-5.1,1
2018,trawlers,155.1586111111111,55.9,-5.0,7
2018,trawlers,2383.733888888889,55.8,-4.9,9
2018,other_purse_seines,0.2725,56.0,-5.3,1
2018,trawlers,693.308888888889,55.4,-4.8,28
2018,trawlers,2093.2308333333335,55.5,-4.9,24
2018,trawlers,512.0652777777777,55.2,-5.0,38
2018,trawlers,22.955555555555556,55.2,-4.9,6
2018,trawlers,813.0994444444445,55.7,-5.2,22
2018,trawlers,1811.0972222222217,55.8,-5.0,11
2018,other_purse_seines,1.9994444444444444,55.9,-5.4,1
2018,set_longlines,1.7894444444444444,55.8,-5.6,1
2018,trawlers,10.494444444444445,55.0,-5.6,4
2018,trawlers,900.5394444444445,55.5,-5.5,12
2018,trawlers,2.8641666666666667,55.8,-5.5,1
2018,set_gillnets,0.8077777777777777,56.0,-5.3,1
2018,fishing,47.72638888888889,55.1,-5.2,2
2018,set_gillnets,930.1575,55.9,-5.4,2
2018,fishing,0.46972222222222215,55.3,-5.5,1
2018,trawlers,36.028333333333336,55.0,-5.4,5
2018,trawlers,2.4775,56.1,-5.6,2
2018,trawlers,1030.6605555555554,55.1,-5.3,24
2018,trawlers,0.8691666666666666,55.2,-5.6,1
2018,other_purse_seines,0.8172222222222223,56.0,-5.4,1
2018,trawlers,2339.0849999999996,55.5,-5.4,21
2018,trawlers,1680.2825,55.7,-5.0,32
2018,set_gillnets,0.783611111111111,55.7,-5.1,1
2018,set_gillnets,12.640833333333333,55.8,-4.9,1
2018,fishing,2.4033333333333333,56.0,-4.9,1
2018,trawlers,479.7591666666666,56.0,-4.8,3
2018,pots_and_traps,2.571944444444444,55.2,-4.9,1
2018,fishing,23.644166666666667,55.1,-5.1,3
2018,fishing,0.8202777777777779,55.6,-4.9,1
2018,set_gillnets,30.97361111111111,55.8,-5.2,1
2018,trawlers,3.4008333333333334,55.9,-5.1,4
2018,trawlers,6.361388888888889,55.3,-5.5,4
2018,trawlers,27.169444444444444,55.8,-5.1,6
2018,fishing,1.7491666666666665,55.2,-5.4,1
2018,set_gillnets,6.775555555555556,55.8,-5.4,2
2018,fishing,17.08888888888889,55.1,-5.4,1
2018,dredge_fishing,0.9872222222222222,55.8,-5.6,1
2018,trawlers,6.206666666666667,56.1,-5.2,4
2018,set_gillnets,356.5638888888889,56.0,-4.8,1
2018,trawlers,15.238611111111108,55.8,-5.4,5
2018,trawlers,1179.1930555555552,55.6,-4.8,20
2018,pots_and_traps,1.0916666666666668,55.3,-4.9,1
2018,trawlers,5.936666666666667,55.2,-5.4,2
2018,set_gillnets,24.783333333333335,56.0,-5.4,1
2018,set_gillnets,5.192222222222223,55.8,-5.1,1
2018,trawlers,1062.7308333333328,55.4,-5.3,44
2018,fishing,0.5413888888888889,55.3,-5.4,1
2018,trawlers,1447.9125000000006,55.3,-5.2,48
2018,set_gillnets,21.922777777777775,56.0,-4.9,1
2018,trawlers,1130.221388888889,56.0,-4.9,3
2018,fishing,1.0086111111111111,55.3,-4.9,1
2018,fishing,0.5305555555555557,55.2,-5.1,1
2018,other_purse_seines,0.9636111111111111,55.9,-5.3,1
2018,trawlers,1487.4066666666663,55.3,-5.1,53
2018,trawlers,10.924166666666668,55.0,-5.5,3
2018,fishing,2.936111111111111,55.2,-5.0,1
2018,fishing,6.999722222222223,55.4,-5.5,1
2018,set_gillnets,1.2497222222222222,55.7,-5.0,1
2018,trawlers,1608.3872222222226,55.5,-5.0,26
2018,trawlers,1.6555555555555557,55.2,-5.5,2
2018,trawlers,12.84416666666667,55.1,-5.5,3
2018,trawlers,1254.725833333333,55.3,-5.3,45
2018,trawlers,807.8166666666668,55.8,-5.3,20
2018,trawlers,502.9769444444444,55.7,-5.3,13
2018,trawlers,165.9302777777778,55.5,-4.7,15
2018,trawlers,785.108611111111,55.2,-5.1,48
2018,dredge_fishing,7.328333333333333,55.3,-5.5,1
2018,trawlers,7.419722222222223,56.1,-5.5,2
2018,trawlers,29.898611111111112,56.1,-4.9,1
2018,trawlers,911.7183333333335,55.7,-4.9,29
2018,trawlers,1811.7369444444448,55.4,-5.0,47
2018,trawlers,1380.5300000000004,55.3,-5.0,44
2018,trawlers,25.393333333333334,55.0,-5.3,8
2018,trawlers,15.839722222222221,56.1,-5.3,6
2018,trawlers,741.4338888888889,55.4,-5.1,35
2018,dredge_fishing,0.0,55.9,-5.4,1
2018,set_gillnets,101.7313888888889,55.8,-5.3,1
2018,trawlers,811.3266666666669,55.1,-5.2,35
2018,trawlers,14.705833333333333,55.1,-5.6,3
2018,trawlers,84.28722222222224,55.1,-5.1,9
2018,fishing,6.007222222222222,55.0,-5.1,3
2018,dredge_fishing,23.86916666666667,55.8,-5.5,1
2018,trawlers,0.8661111111111112,55.3,-4.8,1
2018,trawlers,3.5275,55.4,-5.6,4
2018,fishing,0.008333333333333333,55.5,-4.8,1
2018,fishing,42.72555555555556,55.9,-4.9,2
2018,fishing,3.714722222222223,55.9,-5.0,1
2018,other_purse_seines,0.7969444444444445,56.1,-5.3,1
2018,trawlers,1906.7216666666668,55.9,-4.9,7
2018,trawlers,10.249722222222221,56.0,-5.3,2
2018,fishing,16.175555555555558,55.0,-5.2,3
2018,set_gillnets,100.84166666666664,55.9,-5.3,2
2018,trawlers,25.986944444444443,55.9,-4.7,2
2018,trawlers,56.99944444444444,55.9,-5.2,3
2018,set_gillnets,358.2944444444444,55.9,-4.9,1
2018,other_purse_seines,0.2583333333333333,55.8,-5.3,1
2018,fishing,2.2705555555555557,55.3,-5.0,2
2018,fishing,2.004722222222222,55.2,-4.9,2
2019,trawlers,169.55027777777775,55.9,-5.4,7
2019,trawlers,557.1191666666666,55.7,-5.2,18
2019,trawlers,2194.153333333333,55.4,-4.9,46
2019,trawlers,1212.7911111111111,55.4,-5.3,50
2019,trawlers,2239.2247222222218,55.4,-5.4,50
2019,trawlers,1807.8275000000003,55.3,-5.0,51
2019,trawlers,1156.6377777777777,55.2,-5.1,49
2019,trawlers,113.47416666666666,55.6,-4.7,15
2019,fishing,149.15416666666667,55.4,-5.2,1
2019,fishing,116.75750000000002,55.3,-5.2,1
2019,trawlers,421.0830555555556,55.1,-5.3,25
2019,trawlers,1017.0891666666666,55.7,-5.1,24
2019,trawlers,1796.788611111112,55.2,-5.2,49
2019,trawlers,1039.89,55.4,-5.5,21
2019,trawlers,588.6363888888887,55.6,-5.1,19
2019,trawlers,1951.0222222222224,55.4,-5.0,53
2019,trawlers,795.9852777777778,55.4,-5.1,43
2019,trawlers,696.8994444444444,55.7,-4.9,29
2019,trawlers,859.1086111111113,55.3,-4.9,38
2019,trawlers,691.2591666666668,55.8,-5.2,18
2019,pots_and_traps,1.2094444444444443,55.0,-5.6,1
2019,trawlers,249.81083333333333,55.5,-4.7,16
2019,set_gillnets,608.5875000000001,55.9,-5.4,1
2019,trawlers,599.0269444444443,55.2,-5.0,38
2019,trawlers,2042.9188888888887,55.6,-4.9,31
2019,trawlers,994.9602777777777,55.5,-5.5,12
2019,trawlers,1188.2983333333334,55.6,-5.4,13
2019,trawlers,1930.7741666666666,55.5,-4.9,35
2019,fishing,52.84111111111111,55.7,-5.0,1
2019,set_gillnets,5.498888888888889,55.3,-4.9,2
2019,dredge_fishing,4.913888888888888,55.3,-5.6,1
2019,trawlers,130.50166666666667,55.9,-5.0,6
2019,fishing,3.7969444444444447,55.2,-5.2,1
2019,trawlers,3.579166666666667,55.1,-5.4,2
2019,trawlers,287.1380555555556,55.1,-5.1,16
2019,trawlers,2203.1588888888887,55.5,-4.8,45
2019,trawlers,1608.9797222222223,55.8,-4.9,11
2019,fishing,228.2563888888889,55.4,-5.4,1
2019,trawlers,0.6136111111111111,55.9,-4.7,2
2019,trawlers,372.3516666666667,55.6,-5.5,12
2019,fishing,118.85888888888891,55.4,-5.3,1
2019,fishing,70.96166666666666,55.6,-5.0,1
2019,trawlers,10.585,56.1,-5.5,3
2019,fishing,38.4575,55.6,-5.5,1
2019,trawlers,571.2658333333334,55.8,-5.3,16
2019,trawlers,1700.1950000000004,55.9,-4.9,6
2019,fishing,10.174166666666666,55.3,-5.4,1
2019,trawlers,0.35805555555555557,55.7,-5.5,1
2019,fishing,0.8988888888888888,55.2,-5.4,1
2019,dredge_fishing,41.25888888888889,55.3,-5.1,1
2019,dredge_fishing,55.465277777777786,55.3,-5.0,1
2019,trawlers,7.335833333333333,55.3,-5.5,5
2019,dredge_fishing,0.9444444444444444,55.2,-5.6,1
2019,set_gillnets,0.2658333333333333,55.8,-4.9,1
2019,trawlers,2.9050000000000002,55.1,-5.0,2
2019,fishing,42.52722222222222,55.3,-5.3,1
2019,set_gillnets,6.785555555555555,56.0,-5.4,1
2019,fishing,19.7825,55.1,-5.4,1
2019,trawlers,1.3358333333333334,56.1,-5.6,1
2019,fishing,3.9272222222222224,55.4,-4.9,1
2019,trawlers,2284.979444444444,55.5,-5.4,15
2019,set_gillnets,64.32277777777777,55.2,-5.0,2
2019,trawlers,2.099444444444444,55.0,-5.4,2
2019,fishing,56.19722222222222,55.4,-5.0,1
2019,fishing,71.7461111111111,55.3,-5.1,1
2019,dredge_fishing,1.9372222222222222,55.3,-5.2,1
2019,fishing,1.1833333333333333,55.2,-5.3,1
2019,trawlers,800.7899999999998,56.0,-4.9,2
2019,trawlers,285.4916666666666,56.0,-4.8,2
2019,trawlers,5.4272222222222215,55.2,-5.4,2
2019,trawlers,6.2730555555555565,55.9,-5.1,4
2019,dredge_fishing,1.738888888888889,55.3,-5.5,1
2019,trawlers,387.63305555555564,55.3,-5.4,37
2019,set_gillnets,7.684444444444444,55.1,-5.0,1
2019,dredge_fishing,62.08416666666666,55.2,-5.1,2
2019,fishing,1.1294444444444445,55.5,-5.1,1
2019,fishing,1.0222222222222221,55.4,-4.8,1
2019,trawlers,207.79055555555556,55.0,-5.2,20
2019,fishing,4.2602777777777785,55.8,-5.2,1
2019,fishing,25.502222222222223,55.7,-4.9,1
2019,dredge_fishing,0.2975,55.1,-5.2,1
2019,fishing,95.18305555555555,55.4,-5.5,1
2019,dredge_fishing,2.0675,55.5,-5.0,1
2019,trawlers,15.829722222222223,55.9,-5.3,6
2019,set_gillnets,12.012222222222224,56.0,-4.8,1
2019,dredge_fishing,20.816111111111113,55.2,-5.0,3
2019,fishing,38.784444444444446,55.5,-5.0,1
2019,dredge_fishing,48.59277777777779,55.3,-4.9,2
2019,set_gillnets,31.70833333333333,55.9,-4.9,1
2019,trawlers,1181.4916666666666,55.4,-4.8,39
2019,fishing,19.26,55.5,-4.9,1
2019,fishing,13.15,55.7,-5.4,1
2019,trawlers,1475.7799999999995,55.3,-5.3,46
2019,fishing,4.896111111111111,55.3,-5.0,3
2019,trawlers,3.5069444444444446,56.1,-5.3,1
2019,fishing,5.081666666666667,55.6,-4.8,1
2019,trawlers,0.5419444444444445,55.3,-5.6,1
2019,dredge_fishing,3.0894444444444447,55.0,-5.1,1
2019,trawlers,1068.0280555555555,55.4,-5.2,35
2019,fishing,1.4224999999999999,55.8,-5.3,1
2019,fishing,57.99916666666667,55.6,-4.9,1
2019,fishing,2.2955555555555556,55.6,-5.1,1
2019,trawlers,1189.1208333333334,55.7,-5.0,33
2019,trawlers,27.915000000000006,55.9,-5.2,5
2019,fishing,67.52944444444445,55.6,-5.4,1
2019,fishing,57.02583333333333,55.5,-5.5,1
2019,dredge_fishing,17.070277777777783,55.4,-5.0,1
2019,fishing,2.9272222222222224,55.1,-5.3,1
2019,other_purse_seines,0.5166666666666666,55.9,-5.4,1
2019,trawlers,96.51111111111112,55.8,-5.1,7
2019,fishing,73.64083333333332,55.7,-5.1,1
2019,trawlers,0.3747222222222222,55.9,-4.8,1
2019,fishing,45.721388888888896,55.4,-5.1,1
2019,trawlers,16.405555555555555,55.0,-5.3,5
2019,fishing,2.147777777777778,55.2,-5.6,1
2019,fishing,5.04611111111111,55.2,-5.5,1
2019,dredge_fishing,0.2997222222222222,55.1,-5.4,1
2019,fishing,233.89,55.5,-5.4,1
2019,fishing,0.33305555555555555,55.3,-5.6,1
2019,trawlers,1625.4702777777775,55.6,-5.0,25
2019,trawlers,1959.4708333333324,55.3,-5.2,54
2019,trawlers,1.8697222222222225,55.5,-5.1,1
2019,trawlers,1207.5936111111112,55.6,-4.8,32
2019,trawlers,2404.023611111111,55.3,-5.1,59
2019,trawlers,1812.382222222222,55.5,-5.0,26
2019,trawlers,1371.2649999999992,55.1,-5.2,44
2019,fishing,1.1130555555555555,55.7,-5.3,1
2019,trawlers,213.06027777777777,55.2,-5.3,24
2019,trawlers,14.335277777777778,55.4,-5.6,5
2019,fishing,1.6211111111111112,55.2,-5.0,1
2019,trawlers,175.65277777777774,56.0,-5.4,5
2019,dredge_fishing,4.483055555555556,55.1,-5.1,2
2019,trawlers,507.8075,55.7,-5.3,11
2019,trawlers,1085.5405555555556,55.8,-5.0,9
2019,set_gillnets,742.6977777777778,55.2,-4.9,2
2019,other_purse_seines,1.1833333333333333,56.0,-5.3,1
2019,trawlers,1.0916666666666668,55.0,-5.1,1
2019,set_gillnets,5.308333333333334,56.0,-4.9,1
2019,fishing,1.2891666666666666,55.5,-4.8,1
2019,trawlers,2064.736666666667,55.7,-5.4,13
2019,fishing,3.854444444444445,55.3,-4.9,1
2019,trawlers,9.457777777777778,56.0,-5.2,1
2019,trawlers,18.992777777777782,55.2,-4.9,6
2019,dredge_fishing,12.330555555555556,55.4,-4.9,1
2019,dredge_fishing,18.384722222222223,55.2,-5.2,1
2019,fishing,17.60388888888889,55.7,-5.2,1
2019,trawlers,9.3125,56.1,-4.9,1
2019,fishing,2.0,55.2,-5.1,1
2019,fishing,3.4891666666666667,55.3,-5.5,1
2020,trawlers,929.6883333333333,55.6,-5.4,13
2020,trawlers,1119.0677777777778,55.5,-5.0,21
2020,fishing,47.599999999999994,55.4,-5.0,1
2020,trawlers,1050.1336111111111,55.3,-5.2,47
2020,trawlers,337.2038888888889,55.8,-5.3,12
2020,trawlers,273.2179292772222,55.5,-4.7,27
2020,trawlers,72.335,55.9,-5.4,7
2020,trawlers,1643.354722222222,55.4,-5.0,51
2020,trawlers,430.3525,55.2,-5.0,37
2020,other_purse_seines,1.7897222222222222,55.5,-5.5,1
2020,trawlers,1070.5983333333331,55.4,-5.3,40
2020,set_gillnets,0.2997222222222222,55.8,-5.3,1
2020,trawlers,252.2325000000001,55.2,-5.3,28
2020,trawlers,1.045,56.0,-5.3,1
2020,fishing,2.0725,55.7,-5.4,1
2020,trawlers,383.3702777777778,55.9,-4.9,4
2020,trawlers,674.665,55.4,-5.1,40
2020,fishing,117.20444444444445,55.4,-5.3,1
2020,fishing,9.55888888888889,55.6,-5.0,1
2020,trawlers,29.666666666666668,55.9,-5.1,2
2020,trawlers,309.8138888888889,55.8,-5.2,12
2020,trawlers,727.258611111111,55.7,-5.1,20
2020,trawlers,4.825833333333334,55.0,-5.6,3
2020,trawlers,1627.327777777778,55.4,-4.9,40
2020,trawlers,78.09666666666668,55.1,-5.1,8
2020,set_gillnets,3.9458333333333333,55.9,-5.0,1
2020,fishing,1.9827777777777778,55.7,-5.2,1
2020,fishing,5.361666666666666,55.7,-5.1,1
2020,trawlers,0.9177777777777778,55.9,-4.7,2
2020,trawlers,496.08166666666665,55.2,-5.1,39
2020,trawlers,283.0872222222222,55.1,-5.3,22
2020,trawlers,1141.2530555555556,55.4,-5.5,26
2020,trawlers,24.633333333333336,55.9,-5.3,3
2020,trawlers,389.55861111111113,55.7,-5.2,15
2020,fishing,1.1305555555555555,55.6,-5.1,1
2020,trawlers,58.06638888888889,55.3,-4.8,2
2020,trawlers,0.8500000000000001,55.5,-5.3,1
2020,fishing,3.4283333333333332,55.4,-5.6,1
2020,fishing,0.6916666666666667,55.2,-5.2,1
2020,trawlers,1060.6880555555556,55.8,-4.9,7
2020,fishing,1.3705555555555555,55.4,-4.8,1
2020,dredge_fishing,0.5433333333333333,55.0,-5.1,1
2020,trawlers,1377.4694444444442,55.3,-5.1,50
2020,trawlers,451.4775000000001,55.6,-5.1,17
2020,trawlers,58.22444444444444,55.6,-4.7,11
2020,trawlers,789.7594444444445,55.1,-5.2,35
2020,trawlers,6.477777777777778,55.0,-5.4,2
2020,set_gillnets,0.5919444444444445,55.8,-5.2,1
2020,trawlers,3.8361111111111112,55.1,-5.5,2
2020,set_gillnets,735.2497222222223,55.9,-5.4,1
2020,trawlers,6.81,55.0,-5.3,4
2020,set_gillnets,9.96111111111111,56.0,-5.4,1
2020,fishing,102.62166666666667,55.4,-5.5,2
2020,fishing,157.5563888888889,55.4,-5.4,1
2020,pots_and_traps,1.2083333333333333,55.2,-4.9,1
2020,fishing,0.875,55.2,-5.0,1
2020,trawlers,30.698611111111116,56.0,-5.4,1
2020,trawlers,570.9197222222222,55.8,-5.0,5
2020,fishing,6.013611111111111,55.3,-5.3,1
2020,trawlers,1204.7705555555556,55.3,-5.0,43
2020,fishing,1.0222222222222221,55.2,-5.6,1
2020,dredge_fishing,8.532499999999999,55.4,-5.5,1
2020,trawlers,3.219166666666667,55.1,-5.0,2
2020,trawlers,23.5625,55.2,-4.9,7
2020,trawlers,1.6908333333333336,55.8,-5.4,1
2020,other_purse_seines,0.17805555555555555,55.7,-5.3,1
2020,pots_and_traps,0.883888888888889,55.2,-5.1,1
2020,fishing,146.80861111111108,55.4,-5.2,1
2020,set_gillnets,12.939166666666665,56.0,-4.9,1
2020,trawlers,70.34055555555554,55.4,-4.7,3
2020,fishing,275.35527777777776,55.5,-5.4,1
2020,trawlers,28.124166666666667,55.3,-5.6,1
2020,fishing,3.8408333333333333,55.3,-5.4,1
2020,trawlers,851.9361111111109,55.4,-5.2,31
2020,trawlers,83.29722222222223,55.9,-5.0,2
2020,trawlers,2.1611111111111114,55.7,-5.5,1
2020,fishing,7.662777777777777,55.2,-5.5,1
2020,fishing,0.9083333333333334,55.5,-4.9,1
2020,fixed_gear,0.0,55.4,-5.5,1
2020,set_gillnets,23.71194444444445,56.0,-4.8,1
2020,other_purse_seines,0.8883333333333334,55.6,-5.4,1
2020,trawlers,3.916944444444444,55.1,-5.6,2
2020,trawlers,2.459166666666667,56.1,-5.3,1
2020,fishing,8.121944444444445,55.5,-5.0,1
2020,fishing,0.3169444444444444,55.0,-5.3,1
2020,trawlers,5.827222222222222,56.1,-4.9,1
2020,set_gillnets,0.8919444444444444,55.8,-5.4,1
2020,trawlers,1923.8331818338888,55.5,-4.8,39
2020,fishing,77.69833333333332,55.5,-5.5,1
2020,other_purse_seines,1.9555555555555557,55.4,-5.5,1
2020,trawlers,1040.6219444444446,55.6,-5.0,23
2020,pots_and_traps,1.1241666666666668,55.2,-5.0,1
2020,pots_and_traps,1.3675000000000002,55.3,-4.9,1
2020,trawlers,1901.6066666666666,55.4,-5.4,44
2020,fishing,0.25,55.1,-5.4,1
2020,set_gillnets,81.92805555555555,55.9,-4.9,1
2020,trawlers,1.6741666666666666,56.1,-5.2,1
2020,fishing,3.8194444444444446,55.6,-5.5,1
2020,trawlers,1636.9352777777774,55.6,-4.9,24
2020,trawlers,4.029444444444445,55.4,-5.6,4
2020,trawlers,1723.7052777777778,55.5,-4.9,30
2020,fishing,59.17638888888889,55.6,-5.4,1
2020,trawlers,323.9352777777778,55.6,-5.5,11
2020,trawlers,385.7783333333333,55.7,-4.9,20
2020,trawlers,891.5830555555557,55.4,-4.8,38
2020,trawlers,282.3347222222221,56.0,-4.9,2
2020,trawlers,745.683888888889,55.3,-4.9,42
2020,trawlers,244.37666666666664,55.3,-5.4,32
2020,trawlers,900.5755555555559,55.2,-5.2,38
2020,set_gillnets,13.8475,55.9,-5.3,1
2020,trawlers,928.0322222222221,55.3,-5.3,39
2020,fishing,14.10388888888889,55.3,-5.1,1
2020,trawlers,143.64277777777778,55.0,-5.2,16
2020,trawlers,640.0833333333334,55.6,-4.8,24
2020,trawlers,898.833611111111,55.7,-5.0,26
2020,trawlers,2443.6736111111113,55.5,-5.4,20
2020,trawlers,82.84166666666667,55.3,-5.5,6
2020,trawlers,161.025,56.0,-4.8,2
2020,fishing,56.82361111111111,55.4,-5.1,1
2020,trawlers,554.3222222222222,55.7,-5.3,8
2020,trawlers,14.760555555555559,55.9,-5.2,4
2020,fishing,9.480555555555556,55.3,-5.0,2
2020,fishing,6.881944444444445,55.4,-4.9,1
2020,trawlers,2.7108333333333334,55.1,-5.4,2
2020,trawlers,203.66416666666663,55.8,-5.1,8
2020,trawlers,6.223055555555556,55.2,-5.4,3
2020,trawlers,1024.8558333333333,55.5,-5.5,14
2020,trawlers,5.921388888888888,55.0,-5.5,3
2020,trawlers,1180.2647222222222,55.7,-5.4,8
2020,fishing,25.249166666666667,55.3,-5.5,1
2020,pots_and_traps,0.8,55.1,-5.1,1
2020,fishing,17.728055555555557,55.3,-5.2,1
2020,fishing,5.589722222222222,55.3,-4.9,1
2020,fishing,0.9166666666666666,55.2,-5.4,1
2020,set_gillnets,0.0,55.9,-4.7,1
2020,dredge_fishing,23.47555555555555,55.3,-5.5,1
2021,trawlers,678.8713750000001,55.8,-5.2,20
2021,trawlers,1036.4567388888886,55.4,-5.2,37
2021,trawlers,2084.8016888888887,55.5,-4.9,26
2021,trawlers,973.9936444444445,55.7,-5.2,21
2021,trawlers,1538.8414666666665,55.4,-4.9,40
2021,fishing,5.1416666666666675,55.2,-5.0,2
2021,trawlers,641.5897583333334,55.4,-5.1,35
2021,trawlers,672.9910407224999,55.2,-5.3,34
2021,trawlers,1624.1764856919444,55.3,-5.2,49
2021,trawlers,491.06461666666667,55.7,-4.9,24
2021,trawlers,953.5613361111111,55.5,-5.5,17
2021,trawlers,1273.6090027777777,55.4,-5.3,47
2021,trawlers,288.92055555555555,55.1,-5.1,10
2021,trawlers,18.78861111111111,56.1,-5.3,2
2021,trawlers,1046.9773805555556,55.5,-5.0,25
2021,trawlers,1958.0539726755546,55.3,-5.3,42
2021,trawlers,1034.7383284097223,55.1,-5.3,32
2021,trawlers,1701.2466781658334,55.3,-5.1,52
2021,trawlers,1033.5497194444445,55.4,-5.5,31
2021,trawlers,137.04446666666666,55.9,-5.0,8
2021,trawlers,1430.335188888889,55.7,-5.4,11
2021,trawlers,1319.5617416666664,55.6,-5.0,29
2021,trawlers,1.0419444444444443,55.0,-5.1,2
2021,trawlers,828.3085861111111,55.9,-5.4,8
2021,trawlers,1837.349088888889,55.8,-4.9,12
2021,fishing,0.7972222222222223,55.5,-4.9,1
2021,set_gillnets,75.85123611111112,56.0,-4.8,1
2021,trawlers,549.6317333333333,55.7,-5.3,12
2021,dredge_fishing,2.1611111111111114,55.7,-5.4,1
2021,dredge_fishing,2.7925,55.7,-4.9,1
2021,trawlers,978.4173500000002,55.3,-4.9,38
2021,trawlers,164.00361111111113,56.0,-4.8,4
2021,fixed_gear,18.215555555555554,56.0,-5.6,1
2021,trawlers,1.1419444444444444,56.0,-5.3,1
2021,trawlers,3.816666666666667,56.1,-5.6,1
2021,trawlers,404.0442277777778,56.0,-5.4,5
2021,trawlers,962.9082916666665,55.9,-4.9,9
2021,trawlers,737.5558333333336,56.0,-4.9,4
2021,trawlers,886.5444555555556,55.6,-4.8,26
2021,trawlers,364.8970694444444,55.6,-5.5,11
2021,set_gillnets,3.706944444444445,55.1,-5.0,1
2021,trawlers,1622.504444444445,55.1,-5.2,37
2021,set_gillnets,3.941111111111111,55.3,-4.9,1
2021,dredge_fishing,6.414444444444444,55.3,-5.0,2
2021,trawlers,15.008055555555556,55.8,-5.4,2
2021,set_gillnets,15.811111111111108,56.0,-4.9,1
2021,fishing,66.88401388888889,55.4,-5.3,1
2021,set_gillnets,3.0088888888888885,55.8,-5.4,1
2021,dredge_fishing,2.7680555555555557,55.3,-5.2,1
2021,set_gillnets,27.807777777777776,56.0,-5.4,1
2021,trawlers,1235.9765027777778,55.6,-5.4,16
2021,trawlers,19.994166666666665,55.9,-5.2,5
2021,trawlers,26.50642777777778,55.8,-5.1,8
2021,trawlers,1.886388888888889,55.0,-5.4,1
2021,dredge_fishing,5.88111111111111,55.1,-5.2,1
2021,dredge_fishing,0.9769444444444444,55.4,-4.8,1
2021,trawlers,642.8315388888889,55.2,-5.0,33
2021,fishing,252.35851944444448,55.4,-5.4,1
2021,fishing,27.690277777777776,55.3,-5.1,1
2021,set_gillnets,1.7761111111111112,55.8,-5.0,1
2021,dredge_fishing,11.135277777777778,55.7,-5.1,1
2021,dredge_fishing,93.32805555555555,55.6,-4.9,1
2021,dredge_fishing,1.868611111111111,55.4,-4.9,1
2021,dredge_fishing,120.03759999999998,55.5,-5.4,1
2021,fishing,5.500277777777779,55.7,-5.2,1
2021,trawlers,3.7941666666666665,55.1,-5.0,3
2021,dredge_fishing,3.975,55.5,-4.8,1
2021,dredge_fishing,17.96277777777778,55.2,-5.6,1
2021,other_purse_seines,0.1075,55.7,-5.3,1
2021,trawlers,919.6913249999999,55.2,-5.1,42
2021,dredge_fishing,13.071666666666665,55.4,-5.0,1
2021,dredge_fishing,5.874338888888889,55.3,-5.3,1
2021,fishing,26.277519444444444,55.3,-5.4,1
2021,trawlers,18.80361111111111,55.9,-4.7,3
2021,trawlers,44.43666666666666,55.9,-5.3,7
2021,fishing,211.9439916666667,55.4,-5.5,1
2021,set_longlines,1.8083333333333331,56.1,-5.6,1
2021,fishing,4.122777777777777,55.3,-5.2,1
2021,dredge_fishing,272.4260444444444,55.4,-5.5,1
2021,dredge_fishing,13.499166666666667,55.5,-4.9,1
2021,trawlers,17.876944444444444,55.0,-5.3,7
2021,trawlers,41.40030555555556,55.9,-5.1,7
2021,set_gillnets,15.640833333333333,55.8,-5.2,1
2021,dredge_fishing,11.906666666666666,55.7,-5.2,1
2021,trawlers,8.011944444444445,55.1,-5.4,2
2021,dredge_fishing,1.75,55.6,-5.5,2
2021,fishing,109.65222222222222,55.6,-5.4,1
2021,fishing,4.634722222222223,55.7,-4.9,1
2021,fishing,5.317777777777778,55.6,-4.9,1
2021,fishing,1.027777777777778,55.6,-4.8,1
2021,fishing,10.280555555555555,55.2,-5.3,1
2021,fixed_gear,15.316111111111109,55.2,-5.4,1
2021,trawlers,7.137499999999999,55.3,-5.5,4
2021,dredge_fishing,95.45916666666665,55.5,-5.5,2
2021,dredge_fishing,13.073458333333331,55.4,-5.3,1
2021,dredge_fishing,2.243611111111111,55.2,-5.0,1
2021,dredge_fishing,9.744166666666665,55.8,-5.0,1
2021,dredge_fishing,4.961388888888889,55.1,-5.3,1
2021,trawlers,4.145833333333334,55.0,-5.6,2
2021,set_gillnets,4.148888888888888,55.8,-5.3,1
2021,trawlers,6.116666666666667,56.1,-5.5,2
2021,dredge_fishing,5.144166666666666,55.7,-5.3,1
2021,fixed_gear,2.8677777777777775,55.1,-5.6,1
2021,set_gillnets,0.5991666666666666,55.8,-4.9,1
2021,trawlers,0.9330555555555556,55.5,-5.1,1
2021,dredge_fishing,67.19944444444444,55.5,-5.0,1
2021,set_gillnets,249.8811111111111,55.9,-5.2,2
2021,set_gillnets,1106.4339944444444,55.9,-5.4,1
2021,trawlers,2177.7632959844445,55.5,-4.8,33
2021,dredge_fishing,146.44641666666666,55.4,-5.4,1
2021,trawlers,515.0444888888888,55.3,-5.4,38
2021,other_purse_seines,0.7533333333333334,55.9,-5.4,1
2021,dredge_fishing,27.816666666666666,55.4,-5.1,1
2021,fishing,12.322222222222221,55.2,-5.2,1
2021,other_purse_seines,0.29555555555555557,55.9,-5.3,1
2021,set_gillnets,2.2908333333333335,55.9,-5.0,1
2021,fishing,114.28777777777778,55.4,-5.1,1
2021,dredge_fishing,3.8508333333333336,55.6,-4.8,1
2021,set_gillnets,19.018055555555556,56.1,-5.5,1
2021,set_gillnets,30.982222222222223,55.9,-5.3,1
2021,fixed_gear,11.855277777777777,55.2,-5.6,1
2021,fishing,0.25277777777777777,55.4,-5.6,1
2021,fishing,2.452222222222222,55.6,-5.5,1
2021,fishing,3.261388888888889,55.7,-5.4,1
2021,fishing,137.67774722222222,55.5,-5.5,1
2021,fishing,16.522777777777776,55.7,-5.1,1
2021,dredge_fishing,8.337222222222222,55.8,-5.3,1
2021,trawlers,459.33237500000007,55.5,-4.7,21
2021,set_gillnets,0.658611111111111,56.0,-5.3,1
2021,fixed_gear,29.201666666666664,55.2,-5.5,1
2021,dredge_fishing,1.8469444444444445,55.2,-5.3,1
2021,dredge_fishing,7.288611111111112,55.2,-5.1,1
2021,trawlers,1700.9989138888884,55.4,-5.0,51
2021,trawlers,363.8122222222223,55.0,-5.2,20
2021,fishing,0.6747222222222222,55.8,-5.2,1
2021,trawlers,2059.5233444444443,55.6,-4.9,29
2021,trawlers,2950.3951611111115,55.5,-5.4,21
2021,fishing,357.01139166666667,55.5,-5.4,1
2021,fishing,104.99459722222224,55.4,-5.2,1
2021,fishing,79.00194444444445,55.4,-5.0,1
2021,trawlers,1607.950833333333,55.2,-5.2,38
2021,trawlers,2994.1643166666668,55.4,-5.4,48
2021,trawlers,1078.3004027777774,55.7,-5.0,30
2021,trawlers,1513.7737083333334,55.3,-5.0,43
2021,fishing,7.276111111111111,55.3,-5.3,1
2021,trawlers,1.0669444444444445,55.2,-5.5,1
2021,trawlers,825.1525416666667,55.4,-4.8,33
2021,trawlers,1229.895727777778,55.7,-5.1,29
2021,trawlers,1157.6167027777778,55.8,-5.3,16
2021,trawlers,93.03653055555554,55.6,-4.7,11
2021,set_gillnets,33.832499999999996,55.2,-5.0,1
2021,set_gillnets,0.8502777777777777,55.7,-5.1,1
2021,fishing,23.595555555555556,55.5,-5.0,1
2021,dredge_fishing,46.53527777777777,55.6,-5.4,1
2021,trawlers,328.73469444444436,55.6,-5.1,18
2021,fishing,1.823888888888889,55.6,-5.1,1
2021,fixed_gear,9.935833333333333,55.1,-5.5,1
2021,trawlers,840.8709805555555,55.8,-5.0,13
2021,fishing,10.540555555555557,55.7,-5.0,1
2021,trawlers,58.66194444444445,55.2,-4.9,11
2021,set_gillnets,0.5175000000000001,55.1,-5.6,1
2021,dredge_fishing,5.701944444444444,55.3,-4.9,3
2021,fishing,7.789444444444444,55.6,-5.0,1
2021,fishing,3.9744444444444444,55.2,-5.1,2
2021,dredge_fishing,28.980627777777777,55.4,-5.2,1
2021,trawlers,0.8030555555555556,55.4,-4.7,1
2021,dredge_fishing,7.560277777777777,55.3,-5.4,1
2021,trawlers,5.6258333333333335,55.4,-5.6,6
2021,fishing,8.396944444444443,55.0,-5.4,1
2021,other_purse_seines,0.3325,55.8,-5.3,1
2021,dredge_fishing,2.9833333333333334,55.2,-5.5,1
2021,set_gillnets,154.69916666666663,55.2,-4.9,1
2021,dredge_fishing,1.1033333333333333,55.3,-5.1,1
2021,trawlers,20.321111111111108,55.2,-5.4,1
2021,dredge_fishing,2.1355555555555554,55.2,-5.2,1
2021,fishing,10.193888888888889,55.3,-5.0,1
2021,trawlers,20.410833333333333,56.1,-4.9,4
2021,set_gillnets,113.4675,55.9,-4.9,1
2021,set_gillnets,7.676666666666667,55.8,-5.1,1
2021,fixed_gear,1.0555555555555556,55.3,-5.5,1
2021,set_longlines,0.2833333333333333,56.0,-5.6,1
2021,dredge_fishing,82.22305555555556,55.6,-5.0,1
2021,fishing,6.0,55.1,-5.3,1
2021,dredge_fishing,3.230277777777778,55.6,-5.1,2
2022,trawlers,427.7408216666667,55.9,-5.0,11
2022,trawlers,1157.0833138888888,55.7,-5.1,23
2022,trawlers,3176.934043055556,55.8,-4.9,15
2022,trawlers,1673.352819444444,55.5,-4.9,37
2022,trawlers,2028.1434055555555,55.3,-5.1,49
2022,trawlers,605.2811833333333,55.2,-5.0,31
2022,trawlers,1527.1885166666661,55.4,-5.0,46
2022,fishing,12.285833333333333,55.6,-5.0,1
2022,trawlers,1212.096015930555,55.4,-5.3,43
2022,trawlers,1072.7009083333335,55.8,-5.3,14
2022,trawlers,5.41525,55.2,-4.9,3
2022,trawlers,468.35363611111103,56.0,-5.4,9
2022,trawlers,400.6208618400001,55.3,-5.4,31
2022,trawlers,1298.0035129486112,55.3,-5.3,40
2022,trawlers,578.04085,55.3,-4.9,34
2022,trawlers,0.2802777777777778,55.0,-5.3,1
2022,trawlers,1433.081544444444,55.4,-4.9,35
2022,trawlers,600.6338138888889,55.4,-5.1,39
2022,trawlers,1014.0303416666668,55.7,-5.0,31
2022,trawlers,1183.9489000000003,55.2,-5.2,37
2022,trawlers,639.1189249999999,55.1,-5.3,29
2022,trawlers,745.1424944444443,55.4,-4.8,33
2022,trawlers,574.7288638888888,55.6,-4.8,20
2022,trawlers,0.22555555555555556,55.6,-5.2,1
2022,trawlers,1776.9667416666666,55.5,-5.4,20
2022,trawlers,1255.1471000000001,55.7,-5.4,11
2022,trawlers,61.655319444444444,55.9,-5.3,8
2022,dredge_fishing,28.438811111111114,55.5,-5.4,1
2022,trawlers,9.725555555555555,55.9,-4.7,3
2022,set_gillnets,75.39027777777775,55.9,-5.1,1
2022,dredge_fishing,8.176461111111111,55.7,-5.3,2
2022,trawlers,1111.81355,55.6,-4.9,24
2022,trawlers,1233.7605694444446,55.1,-5.2,34
2022,trawlers,702.3813083333334,55.4,-5.5,29
2022,trawlers,301.8521527777777,55.5,-4.7,16
2022,trawlers,140.99818333333332,55.0,-5.2,22
2022,trawlers,1051.428902777778,55.8,-5.2,16
2022,trawlers,362.03497222222234,55.9,-5.1,10
2022,trawlers,1874.2633527777775,55.5,-4.8,36
2022,trawlers,645.9919555555556,55.6,-5.4,14
2022,set_gillnets,398.73832500000003,55.8,-5.0,1
2022,dredge_fishing,23.454616666666666,55.6,-5.0,1
2022,dredge_fishing,11.914166666666667,55.6,-4.8,2
2022,dredge_fishing,24.955833333333334,55.3,-5.5,1
2022,trawlers,433.53655,55.7,-5.3,13
2022,trawlers,70.56844722222222,55.6,-4.7,10
2022,trawlers,278.70056388888895,55.6,-5.5,10
2022,set_longlines,0.3586111111111111,56.0,-5.6,1
2022,trawlers,3.136388888888889,56.0,-5.3,2
2022,dredge_fishing,1.1669444444444443,55.2,-5.6,1
2022,trawlers,1684.0309000000002,55.9,-4.9,14
2022,dredge_fishing,16.950152777777774,55.5,-4.9,2
2022,dredge_fishing,11.060552777777778,55.7,-5.1,1
2022,fishing,10.123055555555556,55.2,-5.3,1
2022,dredge_fishing,17.148055555555555,55.6,-5.4,1
2022,trawlers,470.91390194444443,56.0,-4.8,6
2022,fishing,3.227777777777778,55.3,-5.0,1
2022,dredge_fishing,7.638055555555556,55.2,-5.5,1
2022,trawlers,0.5836111111111111,55.3,-4.8,1
2022,dredge_fishing,35.49166388888889,55.3,-5.4,1
2022,set_gillnets,1507.8618333333336,55.9,-5.4,1
2022,fishing,5.862386111111111,55.3,-5.3,1
2022,fishing,17.83843611111111,55.3,-5.2,1
2022,set_gillnets,14.176183333333332,56.0,-5.4,1
2022,dredge_fishing,3.350630555555556,55.0,-5.1,1
2022,fishing,2.7391666666666667,55.7,-5.2,1
2022,trawlers,1.0859138888888888,55.4,-5.6,4
2022,trawlers,77.33054999999999,56.1,-4.9,3
2022,fishing,26.045833333333334,55.3,-5.1,1
2022,dredge_fishing,0.255275,55.1,-5.1,1
2022,fishing,8.959066666666667,55.3,-5.4,1
2022,trawlers,5.931111111111111,55.3,-5.5,4
2022,trawlers,0.036944444444444446,55.1,-5.6,1
2022,set_gillnets,86.87100555555554,55.9,-5.3,1
2022,set_gillnets,60.60409722222223,55.9,-5.0,1
2022,trawlers,2.2669444444444444,55.1,-5.0,3
2022,trawlers,92.10903888888893,55.1,-5.1,9
2022,trawlers,739.1745027777779,55.9,-5.4,11
2022,dredge_fishing,35.53642777777778,55.5,-5.5,1
2022,dredge_fishing,58.49486111111111,55.4,-5.5,1
2022,dredge_fishing,12.528333333333336,55.5,-5.0,1
2022,fishing,11.296388888888892,55.1,-5.3,1
2022,trawlers,1775.2387716666672,55.8,-5.0,16
2022,fishing,108.40926666666667,55.4,-5.4,1
2022,dredge_fishing,30.616388888888885,55.4,-4.9,1
2022,set_gillnets,16.55265277777778,55.8,-5.4,1
2022,dredge_fishing,13.90756111111111,55.3,-5.3,2
2022,fishing,6.535833333333334,55.7,-5.4,1
2022,fishing,90.10564166666667,55.4,-5.0,1
2022,set_gillnets,73.25451111111111,55.8,-5.3,1
2022,dredge_fishing,0.9283333333333333,55.0,-5.2,1
2022,fishing,2.0366666666666666,55.7,-5.0,1
2022,fishing,23.9158,55.5,-5.0,1
2022,dredge_fishing,17.095669444444443,55.3,-5.2,1
2022,dredge_fishing,18.69855277777778,55.4,-5.0,1
2022,dredge_fishing,4.737344444444444,55.5,-4.8,2
2022,fishing,2.477222222222222,55.7,-5.3,1
2022,trawlers,1072.764975,55.5,-5.0,20
2022,fishing,2.064166666666667,55.6,-4.9,1
2022,dredge_fishing,4.884166666666667,55.4,-5.2,1
2022,dredge_fishing,0.11888888888888888,55.4,-4.8,1
2022,trawlers,0.9824999999999998,55.0,-5.6,1
2022,set_gillnets,2.668611111111111,55.8,-4.9,1
2022,dredge_fishing,3.7608333333333333,55.8,-4.9,1
2022,trawlers,2008.407421415277,55.4,-5.4,46
2022,fishing,105.17408888888889,55.4,-5.5,1
2022,dredge_fishing,30.747638888888893,55.4,-5.1,1
2022,fishing,179.8469305555556,55.5,-5.4,1
2022,fishing,60.822897222222224,55.4,-5.3,1
2022,set_gillnets,38.68800833333333,55.8,-5.2,1
2022,trawlers,1619.2807333333326,55.3,-5.0,41
2022,dredge_fishing,2.0150000000000006,55.6,-5.1,1
2022,fishing,1.6666666666666665,55.6,-5.1,1
2022,trawlers,1615.7035481624998,55.3,-5.2,45
2022,dredge_fishing,18.091825,55.3,-5.1,1
2022,fishing,71.52453055555556,55.5,-5.5,1
2022,dredge_fishing,9.046944444444446,55.7,-4.9,1
2022,trawlers,34.82,56.1,-5.3,6
2022,trawlers,527.807186111111,55.7,-4.9,26
2022,trawlers,804.8114388888888,55.5,-5.5,12
2022,trawlers,81.68350555555554,55.8,-5.1,14
2022,trawlers,801.9960083333335,55.2,-5.1,40
2022,trawlers,955.9472451805556,55.4,-5.2,38
2022,trawlers,0.28305555555555556,55.0,-5.1,1
2022,trawlers,1.1402777777777777,55.0,-5.4,2
2022,trawlers,1066.3737805555556,55.6,-5.0,21
2022,trawlers,415.3261027777778,55.6,-5.1,14
2022,trawlers,822.9452833333332,55.7,-5.2,17
2022,set_gillnets,107.00644444444444,55.8,-5.1,2
2022,dredge_fishing,13.579169444444446,55.7,-5.2,1
2022,dredge_fishing,14.477641666666667,55.3,-5.0,1
2022,trawlers,481.9026166666667,55.2,-5.3,28
2022,dredge_fishing,0.33600555555555556,55.1,-5.2,1
2022,trawlers,93.45548333333333,55.9,-5.2,11
2022,trawlers,1.0925,56.1,-5.6,2
2022,dredge_fishing,1.4745694444444444,55.2,-5.4,1
2022,trawlers,6.875,55.4,-4.7,1
2022,fishing,72.41854722222222,55.4,-5.1,1
2022,trawlers,1318.3321294444443,56.0,-4.9,8
2022,trawlers,6.120833333333334,55.2,-5.4,2
2022,fishing,4.602777777777778,55.7,-5.1,1
2022,set_gillnets,1.0577777777777777,55.7,-5.1,1
2022,trawlers,26.54833333333334,56.1,-5.5,2
2022,dredge_fishing,7.098055555555556,55.7,-5.0,1
2022,trawlers,6.194722222222222,56.1,-5.2,3
2022,fishing,1.9224999999999999,55.6,-5.5,1
2022,dredge_fishing,2.924722222222222,55.4,-4.7,1
2022,trawlers,6.764444444444444,55.5,-5.1,3
2022,dredge_fishing,6.273011111111111,55.4,-5.3,1
2022,dredge_fishing,32.74483055555555,55.6,-4.9,1
2022,dredge_fishing,0.3030555555555556,55.3,-5.6,1
2022,dredge_fishing,26.582505555555556,55.4,-5.4,1
2022,fishing,32.94203888888889,55.6,-5.4,1
2022,fishing,76.54766944444444,55.4,-5.2,1
2022,trawlers,0.8244444444444444,55.8,-5.6,1
